account,date,content,agent,ideology,media,media_url,source,language,id,word_count
psoe,2013-03-22T18:31:32,@vesteve3 @manubenas @ccoo_rm @desobediencia_ @ccoo @emparempar (Buen √°nimo para esta primavera que iniciamos).,http://www.wikidata.org/entity/Q138198,http://www.wikidata.org/entity/Q821102,Twitter,https://twitter.com/,https://www.kaggle.com/datasets/ricardomoya/tweets-poltica-espaa,http://id.loc.gov/vocabulary/iso639-2/spa,twes0,13
psoe,2013-03-23T18:50:35,'@kirovast: @Hugo_Moran muy fan de la 'radicalidad social'‚Äù (Frente a la devaluaci√≥n democr√°tica).,http://www.wikidata.org/entity/Q138198,http://www.wikidata.org/entity/Q821102,Twitter,https://twitter.com/,https://www.kaggle.com/datasets/ricardomoya/tweets-poltica-espaa,http://id.loc.gov/vocabulary/iso639-2/spa,twes1,13
psoe,2013-03-24T10:20:04,@ALTAS_PRESIONES Nuevos due√±os para las renovables. En ese momento ya no ser√°n un problema sino una apuesta magn√≠fica.,http://www.wikidata.org/entity/Q138198,http://www.wikidata.org/entity/Q821102,Twitter,https://twitter.com/,https://www.kaggle.com/datasets/ricardomoya/tweets-poltica-espaa,http://id.loc.gov/vocabulary/iso639-2/spa,twes2,18
psoe,2013-03-24T11:29:27,"@jumanjisolar @solartradex @josea_dolera El diferencial de precios energ√©ticos con Alemania o Francia sigue siendo el mismo, 8-11 ‚Ç¨/MWh.",http://www.wikidata.org/entity/Q138198,http://www.wikidata.org/entity/Q821102,Twitter,https://twitter.com/,https://www.kaggle.com/datasets/ricardomoya/tweets-poltica-espaa,http://id.loc.gov/vocabulary/iso639-2/spa,twes3,18
psoe,2013-03-24T20:18:12,'@cesarnayu: https://t.co/J4OTXj1x7w ‚Ä¶ Por favor es importante difundir este mensaje para concienciar ¬ø me puedes retwittear ? (Hecho).,http://www.wikidata.org/entity/Q138198,http://www.wikidata.org/entity/Q821102,Twitter,https://twitter.com/,https://www.kaggle.com/datasets/ricardomoya/tweets-poltica-espaa,http://id.loc.gov/vocabulary/iso639-2/spa,twes4,18
psoe,2013-03-24T20:37:56,'@iAgua: http://t.co/6yMSNcV1UA‚Äù (El Gobierno sigue adelante con sus planes de privatizaci√≥n hidrol√≥gica).,http://www.wikidata.org/entity/Q138198,http://www.wikidata.org/entity/Q821102,Twitter,https://twitter.com/,https://www.kaggle.com/datasets/ricardomoya/tweets-poltica-espaa,http://id.loc.gov/vocabulary/iso639-2/spa,twes5,12
psoe,2013-03-24T20:53:43,'Cospedal: las crisis ya no afectan a Espa√±a. Guindos: si no se resuelve la crisis de Chipre puede contagiar a Espa√±a'.,http://www.wikidata.org/entity/Q138198,http://www.wikidata.org/entity/Q821102,Twitter,https://twitter.com/,https://www.kaggle.com/datasets/ricardomoya/tweets-poltica-espaa,http://id.loc.gov/vocabulary/iso639-2/spa,twes6,21
psoe,2013-03-25T09:57:42,'@ventonoso: Espa√±a importa ya energ√≠a de Portugal porque es m√°s barata http://t.co/TSbz4H6dWt‚Äù (Y en 1 o 2 meses de Francia).,http://www.wikidata.org/entity/Q138198,http://www.wikidata.org/entity/Q821102,Twitter,https://twitter.com/,https://www.kaggle.com/datasets/ricardomoya/tweets-poltica-espaa,http://id.loc.gov/vocabulary/iso639-2/spa,twes7,20
psoe,2013-03-25T11:24:23,@elsoldemerix El Gobierno Andaluz presenta recurso de inconstitucionalidad contra la Ley 15/2012 y los RRDD 29/2012 y 2/2013.,http://www.wikidata.org/entity/Q138198,http://www.wikidata.org/entity/Q821102,Twitter,https://twitter.com/,https://www.kaggle.com/datasets/ricardomoya/tweets-poltica-espaa,http://id.loc.gov/vocabulary/iso639-2/spa,twes8,18
psoe,2013-03-25T12:28:23,"'@mjocaballero: Maria Dolores de Cospedal demanda a Greenpeace por vulnerar su honor (Pero ser√° demanda simulada y en diferido, ¬øno?).",http://www.wikidata.org/entity/Q138198,http://www.wikidata.org/entity/Q821102,Twitter,https://twitter.com/,https://www.kaggle.com/datasets/ricardomoya/tweets-poltica-espaa,http://id.loc.gov/vocabulary/iso639-2/spa,twes9,20
PartidoPopular,2019-04-25T00:00:00,"Nuestra candidata al Congreso @Ana Pastor Julian recuerda que tres millones de gallegos se han subido en 2018 a los trenes del Eixo Atl√°ntico. M√°s de 100.00 veh√≠culos de la factor√≠a PSA viajan anualmente a Nantes a trav√©s de la Autopista del Mar. Los vigueses tienen en Urzaiz la estaci√≥n de alta velocidad m√°s moderna de toda Espa√±a. Las infraestructuras aproximan a los ciudadanos y crean riqueza en el territorio. Son el cemento entre las diferentes regiones de nuestra geograf√≠a y afianzan la convergencia hacia la necesaria igualdad de oportunidades entre todos los espa√±oles. El @Partido Popular es, sin duda, el partido que m√°s infraestructuras ha impulsado en Galicia y el que tiene la conectividad entre las tareas m√°s urgentes. Si gana el PP, ganan la proximidad y las conexiones. Si gana el PP, ganan los espa√±oles",http://www.wikidata.org/entity/Q185088,http://www.wikidata.org/entity/Q617609,Facebook,https://facebook.com/,https://doi.org/10.4995/Dataset/10251/146502,http://id.loc.gov/vocabulary/iso639-2/spa,fbesads0,137
PartidoPopular,2019-04-25T00:00:00,Legislaremos para dar las m√°ximas garant√≠as a los Militares Profesionales de Tropa y Mariner√≠a que se tienen que desvincular de las Fuerzas Armadas al cumplir los 45 a√±os. ¬°Es de Justicia!,http://www.wikidata.org/entity/Q185088,http://www.wikidata.org/entity/Q617609,Facebook,https://facebook.com/,https://doi.org/10.4995/Dataset/10251/146502,http://id.loc.gov/vocabulary/iso639-2/spa,fbesads1,31
PartidoPopular,2019-04-26T00:00:00,"Si dividimos el voto del centro derecha, el PSOE recibir√° m√°s esca√±os para pactar con Iglesias, Torra y Otegi. No lo dudes: el #28A üó≥ vota Partido Popular. #ValorSeguro",http://www.wikidata.org/entity/Q185088,http://www.wikidata.org/entity/Q617609,Facebook,https://facebook.com/,https://doi.org/10.4995/Dataset/10251/146502,http://id.loc.gov/vocabulary/iso639-2/spa,fbesads2,29
PartidoPopular,2019-04-26T00:00:00,"No desperdicies tu voto. Si quieres sacar a Pedro S√°nchez de La Moncloa, el #28A vota üó≥ Partido Popular, #ValorSeguro.",http://www.wikidata.org/entity/Q185088,http://www.wikidata.org/entity/Q617609,Facebook,https://facebook.com/,https://doi.org/10.4995/Dataset/10251/146502,http://id.loc.gov/vocabulary/iso639-2/spa,fbesads3,20
PartidoPopular,2019-04-26T00:00:00,"Solo hay una oportunidad para sacar a Pedro S√°nchez de La Moncloa y s√≥lo hay un partido capaz de hacerlo. El #28A vota üó≥ Partido Popular, #ValorSeguro.",http://www.wikidata.org/entity/Q185088,http://www.wikidata.org/entity/Q617609,Facebook,https://facebook.com/,https://doi.org/10.4995/Dataset/10251/146502,http://id.loc.gov/vocabulary/iso639-2/spa,fbesads4,27
PartidoPopular,2019-04-25T00:00:00,"Solo hay una oportunidad para sacar a Pedro S√°nchez de La Moncloa y s√≥lo hay un partido capaz de hacerlo. El #28A vota üó≥ Partido Popular, #ValorSeguro.",http://www.wikidata.org/entity/Q185088,http://www.wikidata.org/entity/Q617609,Facebook,https://facebook.com/,https://doi.org/10.4995/Dataset/10251/146502,http://id.loc.gov/vocabulary/iso639-2/spa,fbesads5,27
PartidoPopular,2019-04-25T00:00:00,"Solo hay una oportunidad para sacar a Pedro S√°nchez de La Moncloa y s√≥lo hay un partido capaz de hacerlo. El #28A vota üó≥ Partido Popular, #ValorSeguro.",http://www.wikidata.org/entity/Q185088,http://www.wikidata.org/entity/Q617609,Facebook,https://facebook.com/,https://doi.org/10.4995/Dataset/10251/146502,http://id.loc.gov/vocabulary/iso639-2/spa,fbesads6,27
PartidoPopular,2019-04-26T00:00:00,"Solo hay una oportunidad para sacar a Pedro S√°nchez de La Moncloa y s√≥lo hay un partido capaz de hacerlo. El #28A vota üó≥ Partido Popular, #ValorSeguro.",http://www.wikidata.org/entity/Q185088,http://www.wikidata.org/entity/Q617609,Facebook,https://facebook.com/,https://doi.org/10.4995/Dataset/10251/146502,http://id.loc.gov/vocabulary/iso639-2/spa,fbesads7,27
PartidoPopular,2019-04-25T00:00:00,"Solo hay una oportunidad para sacar a Pedro S√°nchez de La Moncloa y s√≥lo hay un partido capaz de hacerlo. El #28A vota üó≥ Partido Popular, #ValorSeguro.",http://www.wikidata.org/entity/Q185088,http://www.wikidata.org/entity/Q617609,Facebook,https://facebook.com/,https://doi.org/10.4995/Dataset/10251/146502,http://id.loc.gov/vocabulary/iso639-2/spa,fbesads8,27
PartidoPopular,2019-04-25T00:00:00,"No desperdicies tu voto. Si quieres sacar a Pedro S√°nchez de La Moncloa, el #28A vota üó≥ Partido Popular, #ValorSeguro.",http://www.wikidata.org/entity/Q185088,http://www.wikidata.org/entity/Q617609,Facebook,https://facebook.com/,https://doi.org/10.4995/Dataset/10251/146502,http://id.loc.gov/vocabulary/iso639-2/spa,fbesads9,20
joebiden,2019-01-12T03:17:00,"White supremacists and their shameful ideology should have no place in this country in 2019, let alone a voice of sympathy in the United States Congress. https://t.co/SNZD8wt7V6",http://www.wikidata.org/entity/Q6279,http://www.wikidata.org/entity/Q16152203,Twitter,https://twitter.com/,https://twitter.com/JoeBiden/status/1083925881402392576,http://id.loc.gov/vocabulary/iso639-2/eng,jbustw0,27
joebiden,2019-01-17T03:07:00,"'Equality of rights under the law shall not be denied or abridged on account of sex.‚Äù 

Another step forward for equality and basic dignity in Delaware tonight, as the Equal Rights Amendment is enshrined in our state‚Äôs Constitution.",http://www.wikidata.org/entity/Q6279,http://www.wikidata.org/entity/Q16152203,Twitter,https://twitter.com/,https://twitter.com/JoeBiden/status/1085735287391584256,http://id.loc.gov/vocabulary/iso639-2/eng,jbustw1,38
joebiden,2019-01-17T03:07:00,"Congratulations to the two women who led the way: @RepLonghurst and @HansenForSenate, as well as all of the lawmakers, activists, and citizens who made this happen.",http://www.wikidata.org/entity/Q6279,http://www.wikidata.org/entity/Q16152203,Twitter,https://twitter.com/,https://twitter.com/JoeBiden/status/1085735289128128512,http://id.loc.gov/vocabulary/iso639-2/eng,jbustw2,26
joebiden,2019-01-21T18:16:00,The spirit of Dr. King is still with us. It has burrowed deep into the soul of this nation. It will not let us rest. On #MLKDay we must heed Dr. King‚Äôs admonition from his final sermon and do our part to 'make America what it ought to be.‚Äù,http://www.wikidata.org/entity/Q6279,http://www.wikidata.org/entity/Q16152203,Twitter,https://twitter.com/,https://twitter.com/JoeBiden/status/1087413570168651776,http://id.loc.gov/vocabulary/iso639-2/eng,jbustw3,49
joebiden,2019-01-26T19:15:00,https://t.co/iYah5x11To,http://www.wikidata.org/entity/Q6279,http://www.wikidata.org/entity/Q16152203,Twitter,https://twitter.com/,https://twitter.com/JoeBiden/status/1089240523884425216,http://id.loc.gov/vocabulary/iso639-2/eng,jbustw4,1
joebiden,2019-01-26T19:15:00,"An untested rape kit means a survivor without justice. I wrote the first rape kit backlog law because every survivor deserves closure, and because evidence shows testing kits can identify men who have committed multiple rapes - and might again. Test every kit. Every single one.",http://www.wikidata.org/entity/Q6279,http://www.wikidata.org/entity/Q16152203,Twitter,https://twitter.com/,https://twitter.com/JoeBiden/status/1089240522319978496,http://id.loc.gov/vocabulary/iso639-2/eng,jbustw5,46
joebiden,2019-01-30T01:31:00,"What happened today to @JussieSmollett must never be tolerated in this country. We must stand up and demand that we no longer give this hate safe harbor; that homophobia and racism have no place on our streets or in our hearts. We are with you, Jussie. https://t.co/o8ilPu68CM",http://www.wikidata.org/entity/Q6279,http://www.wikidata.org/entity/Q16152203,Twitter,https://twitter.com/,https://twitter.com/JoeBiden/status/1090422326783606784,http://id.loc.gov/vocabulary/iso639-2/eng,jbustw6,47
joebiden,2019-02-01T00:20:00,"This week @bidenfoundation submitted a comment to the Department of Education about proposed changes to #TitleIX guidance.

These new rules would endanger students and make it harder for survivors of sexual assault to seek justice. https://t.co/qEV7z3Ewpx",http://www.wikidata.org/entity/Q6279,http://www.wikidata.org/entity/Q16152203,Twitter,https://twitter.com/,https://twitter.com/JoeBiden/status/1091129105041551361,http://id.loc.gov/vocabulary/iso639-2/eng,jbustw7,36
joebiden,2019-02-01T00:20:00,Students and survivors are making their voices heard. Grassroots organizers are working to make sure these guidelines are never put into effect.,http://www.wikidata.org/entity/Q6279,http://www.wikidata.org/entity/Q16152203,Twitter,https://twitter.com/,https://twitter.com/JoeBiden/status/1091129106694066176,http://id.loc.gov/vocabulary/iso639-2/eng,jbustw8,22
joebiden,2019-02-01T00:20:00,".@DavidsonJess22 of @endrapeoncampus has been advocating for safer campuses since long before I met her in the White House. Jess, I‚Äôm so grateful for your tireless work, and proud of all that you continue to accomplish. https://t.co/FxESpdGMx6",http://www.wikidata.org/entity/Q6279,http://www.wikidata.org/entity/Q16152203,Twitter,https://twitter.com/,https://twitter.com/JoeBiden/status/1091129122158493696,http://id.loc.gov/vocabulary/iso639-2/eng,jbustw9,37
realDonaldTrump,2009-05-04 13:54:25,Be sure to tune in and watch Donald Trump on Late Night with David Letterman as he presents the Top Ten List tonight!,http://www.wikidata.org/entity/Q22686,http://www.wikidata.org/entity/Q31838499,Twitter,https://twitter.com/,https://twitter.com/realDonaldTrump/status/1698308935,http://id.loc.gov/vocabulary/iso639-2/eng,1698308935,23
realDonaldTrump,2009-05-04 20:00:10,Donald Trump will be appearing on The View tomorrow morning to discuss Celebrity Apprentice and his new book Think Like A Champion!,http://www.wikidata.org/entity/Q22686,http://www.wikidata.org/entity/Q31838499,Twitter,https://twitter.com/,https://twitter.com/realDonaldTrump/status/1701461182,http://id.loc.gov/vocabulary/iso639-2/eng,1701461182,22
realDonaldTrump,2009-05-08 08:38:08,Donald Trump reads Top Ten Financial Tips on Late Show with David Letterman: http://tinyurl.com/ooafwn - Very funny!,http://www.wikidata.org/entity/Q22686,http://www.wikidata.org/entity/Q31838499,Twitter,https://twitter.com/,https://twitter.com/realDonaldTrump/status/1737479987,http://id.loc.gov/vocabulary/iso639-2/eng,1737479987,17
realDonaldTrump,2009-05-08 15:40:15,New Blog Post: Celebrity Apprentice Finale and Lessons Learned Along the Way: http://tinyurl.com/qlux5e,http://www.wikidata.org/entity/Q22686,http://www.wikidata.org/entity/Q31838499,Twitter,https://twitter.com/,https://twitter.com/realDonaldTrump/status/1741160716,http://id.loc.gov/vocabulary/iso639-2/eng,1741160716,13
realDonaldTrump,2009-05-12 09:07:28,'My persona will never be that of a wallflower - I‚Äôd rather build walls than cling to them' --Donald J. Trump,http://www.wikidata.org/entity/Q22686,http://www.wikidata.org/entity/Q31838499,Twitter,https://twitter.com/,https://twitter.com/realDonaldTrump/status/1773561338,http://id.loc.gov/vocabulary/iso639-2/eng,1773561338,21
realDonaldTrump,2009-05-12 14:21:55,Miss USA Tara Conner will not be fired - 'I've always been a believer in second chances.' says Donald Trump,http://www.wikidata.org/entity/Q22686,http://www.wikidata.org/entity/Q31838499,Twitter,https://twitter.com/,https://twitter.com/realDonaldTrump/status/1776419923,http://id.loc.gov/vocabulary/iso639-2/eng,1776419923,20
realDonaldTrump,2009-05-13 12:38:28,"Listen to an interview with Donald Trump discussing his new book, Think Like A Champion: http://tinyurl.com/qs24vl",http://www.wikidata.org/entity/Q22686,http://www.wikidata.org/entity/Q31838499,Twitter,https://twitter.com/,https://twitter.com/realDonaldTrump/status/1786560616,http://id.loc.gov/vocabulary/iso639-2/eng,1786560616,16
realDonaldTrump,2009-05-14 11:30:40,'Strive for wholeness and keep your sense of wonder intact.' --Donald J. Trump http://tinyurl.com/pqpfvm,http://www.wikidata.org/entity/Q22686,http://www.wikidata.org/entity/Q31838499,Twitter,https://twitter.com/,https://twitter.com/realDonaldTrump/status/1796477499,http://id.loc.gov/vocabulary/iso639-2/eng,1796477499,14
realDonaldTrump,2009-05-15 09:13:13,Enter the 'Think Like A Champion' signed book and keychain contest: http://www.trumpthinklikeachampion.com/contest/,http://www.wikidata.org/entity/Q22686,http://www.wikidata.org/entity/Q31838499,Twitter,https://twitter.com/,https://twitter.com/realDonaldTrump/status/1806258917,http://id.loc.gov/vocabulary/iso639-2/eng,1806258917,12
realDonaldTrump,2009-05-16 17:22:45,"'When the achiever achieves, it's not a plateau, it‚Äôs a beginning.' --Donald J. Trump http://tinyurl.com/pqpfvm",http://www.wikidata.org/entity/Q22686,http://www.wikidata.org/entity/Q31838499,Twitter,https://twitter.com/,https://twitter.com/realDonaldTrump/status/1820624395,http://id.loc.gov/vocabulary/iso639-2/eng,1820624395,15
